n, Multi Eval, Compile Multi Eval
0, 0.825284, 268.459775
10, 4184.477452, 1035.531895
20, 9449.493866, 1816.066944
30, 15037.645871, 2267.694935
40, 21568.182009, 2831.529677
50, 29434.605552, 3552.974878
60, 38758.326627, 5030.868581
70, 49993.681375, 4380.124895
80, 65361.786107, 4995.444144
90, 75748.095702, 5597.066978
